Name,Team,xG,xA,xG90,xA90
Pierre-Emerick Aubameyang,Arsenal,23.55+1.55,4.99-0.01,0.77,0.16
Sadio Mané,Liverpool,16.76-5.24,5.12+4.12,0.49,0.15
Mohamed Salah,Liverpool,21.79-0.21,10.47+2.47,0.60,0.29
Sergio Agüero,Manchester City,19.95-1.05,5.23-2.77,0.71,0.19
Jamie Vardy,Leicester,19.12+1.12,5.14+1.14,0.63,0.17
Raheem Sterling,Manchester City,15.91-1.09,10.79+0.79,0.51,0.35
Harry Kane,Tottenham,16.12-0.88,4.56+0.56,0.60,0.17
Eden Hazard,Chelsea,12.30-3.70,11.57-3.43,0.38,0.35
Callum Wilson,Bournemouth,16.02+2.02,5.96-3.04,0.57,0.21
Gylfi Sigurdsson,Everton,12.12-0.88,6.79+0.79,0.35,0.19
Glenn Murray,Brighton,11.54-1.46,1.12+0.12,0.41,0.04
Paul Pogba,Manchester United,15.88+2.88,5.19-3.81,0.47,0.15
Alexandre Lacazette,Arsenal,12.03-0.97,4.10-3.90,0.43,0.15
Raúl Jiménez,Wolverhampton Wanderers,14.27+1.27,6.99-0.01,0.41,0.20
Richarlison,Everton,11.33-1.67,1.96+0.96,0.38,0.07
Son Heung-Min,Tottenham,8.36-3.64,3.97-2.03,0.37,0.17
Joshua King,Bournemouth,13.55+1.55,4.26+1.26,0.41,0.13
Roberto Firmino,Liverpool,13.74+1.74,6.34+0.34,0.47,0.22
Romelu Lukaku,Manchester United,13.11+1.11,2.32+2.32,0.56,0.10
Ayoze Pérez,Newcastle United,8.29-3.71,4.03+2.03,0.25,0.12
Ashley Barnes,Burnley,13.26+1.26,3.64+1.64,0.50,0.14
Luka Milivojevic,Crystal Palace,10.49-1.51,3.39+1.39,0.28,0.09
Aleksandar Mitrovic,Fulham,15.45+4.45,2.97-0.03,0.42,0.08
Salomón Rondón,Newcastle United,10.64-0.36,3.41-3.59,0.37,0.12
Leroy Sané,Manchester City,6.98-3.02,8.10-1.90,0.34,0.39
Wilfried Zaha,Crystal Palace,6.49-3.51,5.40+0.40,0.19,0.16
Anthony Martial,Manchester United,7.95-2.05,3.25+1.25,0.44,0.18
Marcus Rashford,Manchester United,11.61+1.61,5.27-0.73,0.44,0.20
Gerard Deulofeu,Watford,8.33-1.67,4.96-0.04,0.36,0.21
Marko Arnautovic,West Ham,8.94-1.06,4.00,0.40,0.18
Lucas Moura,Tottenham,7.59-2.41,1.66+1.66,0.32,0.07
Chris Wood,Burnley,9.13-0.87,3.65+1.65,0.32,0.13
Troy Deeney,Watford,10.23+1.23,4.69-0.31,0.36,0.17
Felipe Anderson,West Ham,5.53-3.47,6.78+2.78,0.16,0.20
Diogo Jota,Wolverhampton Wanderers,8.91-0.09,5.54+0.54,0.33,0.21
Christian Eriksen,Tottenham,5.66-2.34,7.88-4.12,0.18,0.26
Pedro,Chelsea,5.98-2.02,3.88+1.88,0.30,0.20
Chicharito,West Ham,7.89+0.89,1.26+0.26,0.53,0.08
Riyad Mahrez,Manchester City,6.62-0.38,5.01+1.01,0.45,0.34
James Ward-Prowse,Southampton,3.40-3.60,3.28+3.28,0.16,0.15
Danny Ings,Southampton,9.92+2.92,3.35+0.35,0.53,0.18
Andre Gray,Watford,5.85-1.15,2.10+0.10,0.39,0.14
Ryan Fraser,Bournemouth,4.76-2.24,16.18+2.18,0.13,0.46
Bernardo Silva,Manchester City,8.20+1.20,8.63+1.63,0.26,0.27
Gabriel Jesus,Manchester City,12.62+5.62,2.65-0.35,1.14,0.24
James Maddison,Leicester,7.37+0.37,7.94+0.94,0.23,0.25
David Brooks,Bournemouth,6.47-0.53,5.88+0.88,0.25,0.23
André Schürrle,Fulham,3.32-2.68,1.93+1.93,0.18,0.10
Ilkay Gündogan,Manchester City,4.21-1.79,4.97+1.97,0.18,0.21
Henrikh Mkhitaryan,Arsenal,5.34-0.66,6.49+2.49,0.29,0.35
Michail Antonio,West Ham,6.07+0.07,4.03+0.03,0.26,0.17
David Silva,Manchester City,8.13+2.13,10.11+2.11,0.30,0.38
Ruben Loftus-Cheek,Chelsea,3.24-2.76,1.01-0.99,0.30,0.09
Andros Townsend,Crystal Palace,4.88-1.12,3.70-0.30,0.14,0.11
Nathan Redmond,Southampton,7.91+1.91,5.31+1.31,0.22,0.15
Xherdan Shaqiri,Liverpool,4.06-1.94,1.89-1.11,0.35,0.16
Roberto Pereyra,Watford,5.38-0.62,3.54+2.54,0.17,0.11
Dominic Calvert-Lewin,Everton,6.17+0.17,1.64-0.36,0.32,0.08
James Milner,Liverpool,3.36-1.64,5.64+1.64,0.17,0.29
Mesut Özil,Arsenal,2.23-2.77,4.29+2.29,0.11,0.22
Theo Walcott,Everton,6.51+1.51,2.88+0.88,0.28,0.12
Mark Noble,West Ham,3.59-1.41,1.72-3.28,0.14,0.07
Dele Alli,Tottenham,5.95+0.95,3.29+0.29,0.29,0.16
Shane Long,Southampton,5.44+0.44,1.60+0.60,0.39,0.11
Gonzalo Higuaín,Chelsea,5.38+0.38,1.43+1.43,0.44,0.12
Michy Batshuayi,Crystal Palace,3.70-1.30,0.10+0.10,0.43,0.01
Abdoulaye Doucouré,Watford,6.85+1.85,5.39-0.61,0.20,0.16
Álvaro Morata,Chelsea,6.41+1.41,0.21+0.21,0.61,0.02
Víctor Camarasa,Cardiff,3.91-1.09,3.63-0.37,0.13,0.13
Ryan Babel,Fulham,5.75+0.75,2.55-0.45,0.41,0.18
Shane Duffy,Brighton,3.38-1.62,0.27-0.73,0.10,0.01
Bobby Reid,Cardiff,3.80-1.20,1.06-0.94,0.24,0.07
Fabian Schär,Newcastle United,2.17-1.83,0.74-0.26,0.10,0.03
Granit Xhaka,Arsenal,1.88-2.12,3.52+1.52,0.07,0.13
Pierre-Emile Højbjerg,Southampton,2.26-1.74,2.35-0.65,0.07,0.08
Aaron Ramsey,Arsenal,3.71-0.29,2.30-3.70,0.25,0.16
Jesse Lingard,Manchester United,4.84+0.84,3.16+1.16,0.26,0.17
Nathan Aké,Bournemouth,4.55+0.55,1.32+1.32,0.12,0.03
Erik Lamela,Tottenham,3.76-0.24,2.17+0.17,0.35,0.20
N'Golo Kanté,Chelsea,3.03-0.97,3.73-0.27,0.09,0.11
Jeffrey Schlupp,Crystal Palace,3.30-0.70,1.41+0.41,0.18,0.08
Demarai Gray,Leicester,4.56+0.56,0.98-0.02,0.20,0.04
Virgil van Dijk,Liverpool,3.51-0.49,1.27-0.73,0.09,0.03
Lucas Digne,Everton,1.20-2.80,7.71+3.71,0.04,0.23
Sol Bamba,Cardiff,4.12+0.12,0.14-0.86,0.15,0.01
Nathaniel Mendez-Laing,Cardiff,2.16-1.84,1.30+0.30,0.20,0.12
Callum Paterson,Cardiff,4.95+0.95,2.87+1.87,0.22,0.13
Willy Boly,Wolverhampton Wanderers,3.63-0.37,1.57+1.57,0.10,0.04
Matt Doherty,Wolverhampton Wanderers,5.28+1.28,5.04+0.04,0.15,0.14
Rúben Neves,Wolverhampton Wanderers,3.39-0.61,1.88-1.12,0.10,0.06
Karlan Grant,Huddersfield,3.28-0.72,0.27+0.27,0.34,0.03
Pascal Groß,Brighton,4.14+1.14,5.61+2.61,0.20,0.27
Divock Origi,Liverpool,2.24-0.76,0.19-0.81,0.57,0.05
Laurent Koscielny,Arsenal,2.11-0.89,0.12+0.12,0.14,0.01
Alex Iwobi,Arsenal,3.72+0.72,7.64+1.64,0.17,0.35
Juan Mata,Manchester United,1.58-1.42,3.70+1.70,0.11,0.26
José Holebas,Watford,0.94-2.06,4.58-1.42,0.04,0.17
Craig Cathcart,Watford,1.85-1.15,0.11+0.11,0.05,0.00
Ross Barkley,Chelsea,3.65+0.65,2.52-2.48,0.27,0.18
James McArthur,Crystal Palace,4.51+1.51,3.72-2.28,0.13,0.11
Eric Dier,Tottenham,1.42-1.58,1.10+1.10,0.08,0.07
Willian,Chelsea,4.35+1.35,6.52+0.52,0.18,0.28
Patrick van Aanholt,Crystal Palace,2.81-0.19,4.72+2.72,0.08,0.13
Wes Morgan,Leicester,1.54-1.46,0.14+0.14,0.07,0.01
Georginio Wijnaldum,Liverpool,3.18+0.18,1.94+1.94,0.10,0.06
Ciaran Clark,Newcastle United,0.47-2.53,0.05+0.05,0.05,0.01
Sam Vokes,Burnley,2.73-0.27,0.90+0.90,0.27,0.09
Johann Berg Gudmundsson,Burnley,2.61-0.39,3.59-2.41,0.14,0.19
James Tarkowski,Burnley,3.64+0.64,0.20-0.80,0.11,0.01
David Luiz,Chelsea,2.90-0.10,2.86+0.86,0.08,0.08
Harry Maguire,Leicester,1.86-1.14,0.67+0.67,0.06,0.02
Lucas Pérez,West Ham,1.39-1.61,0.88+0.88,0.27,0.17
Jeff Hendrick,Burnley,1.79-1.21,1.07+1.07,0.08,0.05
Aymeric Laporte,Manchester City,3.75+0.75,0.84-2.16,0.11,0.02
Ivan Cavaleiro,Wolverhampton Wanderers,2.37-0.63,1.58+0.58,0.32,0.21
Florin Andone,Brighton,3.49+0.49,0.10+0.10,0.36,0.01
Junior Hoilett,Cardiff,3.17+0.17,1.34+0.34,0.13,0.06
Aboubakar Kamara,Fulham,3.53+0.53,0.77+0.77,0.47,0.10
Youri Tielemans,Leicester,2.06-0.94,2.50-1.50,0.17,0.21
Zanka,Huddersfield,1.48-1.52,0.39-0.61,0.06,0.02
Aaron Mooy,Huddersfield,2.42-0.58,2.75+1.75,0.09,0.11
Cenk Tosun,Everton,4.99+1.99,0.96-2.04,0.43,0.08
Dwight McNeil,Burnley,1.83-1.17,3.46-1.54,0.10,0.19
Josh Murphy,Cardiff,3.74+0.74,3.52+1.52,0.18,0.17
Stuart Armstrong,Southampton,2.12-0.88,1.65-0.35,0.13,0.10
Kevin De Bruyne,Manchester City,1.47-0.53,6.65+4.65,0.14,0.62
Matt Ritchie,Newcastle United,4.44+2.44,5.11-2.89,0.13,0.16
Dan Gosling,Bournemouth,2.39+0.39,0.96-0.04,0.12,0.05
Junior Stanislas,Bournemouth,3.10+1.10,2.49-0.51,0.27,0.22
Daniel Sturridge,Liverpool,1.50-0.50,1.07+0.07,0.28,0.20
Olivier Giroud,Chelsea,5.06+3.06,2.29-1.71,0.56,0.26
Calum Chambers,Fulham,2.44+0.44,0.96+0.96,0.08,0.03
Ander Herrera,Manchester United,1.51-0.49,2.06-0.94,0.10,0.13
Seamus Coleman,Everton,1.36-0.64,3.80+1.80,0.05,0.13
Ashley Young,Manchester United,0.49-1.51,4.00+2.00,0.02,0.14
Ashley Westwood,Burnley,1.71-0.29,5.23-1.77,0.05,0.17
Marc Albrighton,Leicester,1.06-0.94,2.99+0.99,0.06,0.17
Alex Pritchard,Huddersfield,2.62+0.62,2.08+2.08,0.11,0.09
Charlie Austin,Southampton,3.80+1.80,1.01-0.99,0.35,0.09
Joselu,Newcastle United,1.81-0.19,0.01+0.01,0.29,0.00
Kurt Zouma,Everton,1.27-0.73,0.44-1.56,0.04,0.02
Lucas Torreira,Arsenal,1.80-0.20,1.71-0.29,0.07,0.07
Jorginho,Chelsea,1.30-0.70,3.07+3.07,0.04,0.09
Marcos Alonso,Chelsea,3.56+1.56,3.92-0.08,0.12,0.13
Robert Snodgrass,West Ham,2.26+0.26,5.18+0.18,0.09,0.21
Shkodran Mustafi,Arsenal,1.86-0.14,0.28+0.28,0.06,0.01
Jefferson Lerma,Bournemouth,1.09-0.91,1.01+1.01,0.04,0.04
Ricardo Pereira,Leicester,1.18-0.82,5.13-0.87,0.03,0.15
Romain Saiss,Wolverhampton Wanderers,1.29-0.71,0.73+0.73,0.10,0.06
Steve Mounie,Huddersfield,5.63+3.63,1.87-1.13,0.29,0.09
Anthony Knockaert,Brighton,2.11+0.11,4.21-1.79,0.10,0.21
Naby Keita,Liverpool,2.55+0.55,1.07+0.07,0.16,0.07
Wilfred Ndidi,Leicester,3.12+1.12,1.69+1.69,0.08,0.05
Declan Rice,West Ham,1.23-0.77,0.64+0.64,0.04,0.02
Scott McTominay,Manchester United,1.59-0.41,0.02+0.02,0.17,0.00
Philip Billing,Huddersfield,1.66-0.34,1.82+1.82,0.07,0.07
Lewis Dunk,Brighton,1.76-0.24,0.75-0.25,0.05,0.02
Will Hughes,Watford,2.97+0.97,3.66-0.34,0.11,0.13
Andriy Yarmolenko,West Ham,1.25-0.75,0.70+0.70,0.25,0.14
Jürgen Locadia,Brighton,3.39+1.39,0.96+0.96,0.25,0.07
Ryan Sessegnon,Fulham,4.27+2.27,3.99-2.01,0.17,0.16
Leander Dendoncker,Wolverhampton Wanderers,4.17+2.17,1.29+1.29,0.25,0.08
Yan Valery,Southampton,0.72-1.28,0.25-0.75,0.04,0.01
Yoshinori Muto,Newcastle United,1.02+0.02,0.31+0.31,0.18,0.06
Joel Matip,Liverpool,0.90-0.10,0.18+0.18,0.05,0.01
Max Meyer,Crystal Palace,1.98+0.98,1.07-0.93,0.13,0.07
Sokratis,Arsenal,0.83-0.17,0.63-1.37,0.03,0.03
Leon Balogun,Brighton,0.08-0.92,0.00,0.01,0.00
Steve Cook,Bournemouth,1.46+0.46,1.15+0.15,0.05,0.04
Charlie Daniels,Bournemouth,0.62-0.38,0.46+0.46,0.04,0.03
Jordon Ibe,Bournemouth,0.78-0.22,0.42-0.58,0.09,0.05
Nacho Monreal,Arsenal,1.23+0.23,2.01-0.99,0.06,0.10
Alexis Sánchez,Manchester United,1.71+0.71,3.55+0.55,0.18,0.36
Danny Welbeck,Arsenal,0.79-0.21,0.28-0.72,0.52,0.19
Joel Ward,Crystal Palace,0.92-0.08,0.12+0.12,0.15,0.02
Angelo Ogbonna,West Ham,1.02+0.02,1.16+0.16,0.05,0.06
James Tomkins,Crystal Palace,0.90-0.10,1.37+0.37,0.03,0.05
Manuel Lanzini,West Ham,1.18+0.18,0.96-0.04,0.15,0.12
Etienne Capoue,Watford,1.30+0.30,1.37-1.63,0.04,0.04
Phil Jagielka,Everton,0.63-0.37,0.10+0.10,0.17,0.03
Aaron Lennon,Burnley,0.92-0.08,0.66-0.34,0.07,0.05
Tom Cleverley,Watford,0.17-0.83,0.11+0.11,0.03,0.02
Dejan Lovren,Liverpool,0.91-0.09,0.11+0.11,0.08,0.01
Jordan Henderson,Liverpool,1.51+0.51,1.69-1.31,0.07,0.08
Christian Benteke,Crystal Palace,3.73+2.73,1.19+0.19,0.42,0.13
Vincent Kompany,Manchester City,0.24-0.76,0.07+0.07,0.02,0.01
Fernandinho,Manchester City,1.72+0.72,3.13+0.13,0.06,0.12
Kelechi Iheanacho,Leicester,2.58+1.58,1.34-1.66,0.25,0.13
Chris Smalling,Manchester United,1.11+0.11,0.12+0.12,0.05,0.01
Kyle Walker,Manchester City,0.73-0.27,1.94+0.94,0.02,0.06
Jan Vertonghen,Tottenham,1.01+0.01,0.24+0.24,0.05,0.01
Kieran Trippier,Tottenham,0.46-0.54,4.85+1.85,0.02,0.19
Jordan Ayew,Crystal Palace,2.65+1.65,1.20-0.80,0.20,0.09
César Azpilicueta,Chelsea,1.26+0.26,2.42-2.58,0.03,0.06
Kenedy,Newcastle United,2.41+1.41,0.82-0.18,0.16,0.05
Nemanja Matic,Manchester United,1.71+0.71,0.56+0.56,0.06,0.02
Jack Cork,Burnley,1.52+0.52,2.26+0.26,0.04,0.06
DeAndre Yedlin,Newcastle United,1.19+0.19,2.15+0.15,0.04,0.08
Jonjo Shelvey,Newcastle United,0.72-0.28,1.86+0.86,0.07,0.18
Ryan Bennett,Wolverhampton Wanderers,1.00,0.79+0.79,0.03,0.02
Jonny Evans,Leicester,0.53-0.47,0.28+0.28,0.02,0.01
Adam Smith,Bournemouth,0.60-0.40,0.58-0.42,0.03,0.02
Ryan Bertrand,Southampton,1.26+0.26,1.72+1.72,0.05,0.07
Victor Wanyama,Tottenham,1.08+0.08,0.06+0.06,0.19,0.01
Oriol Romeu,Southampton,0.96-0.04,1.71+1.71,0.04,0.07
Cédric Soares,Southampton,0.27-0.73,1.14-0.86,0.02,0.07
Matt Targett,Southampton,0.60-0.40,2.12-0.88,0.05,0.16
Adama Traoré,Wolverhampton Wanderers,1.26+0.26,2.20+1.20,0.13,0.23
Andreas Pereira,Manchester United,0.27-0.73,0.88-0.12,0.04,0.13
Harry Winks,Tottenham,1.09+0.09,0.24+0.24,0.06,0.01
Luke Shaw,Manchester United,1.53+0.53,4.32+0.32,0.05,0.15
Matej Vydra,Burnley,1.92+0.92,0.50-0.50,0.56,0.15
Mario Lemina,Southampton,0.90-0.10,1.32+0.32,0.05,0.07
Manolo Gabbiadini,Southampton,1.76+0.76,0.24+0.24,0.34,0.05
Michael Keane,Everton,2.00+1.00,1.24-0.76,0.06,0.04
Ben Gibson,Burnley,0.91-0.09,0.00,1.22,0.00
Isaac Success,Watford,3.29+2.29,3.01+2.01,0.29,0.27
Fernando Llorente,Tottenham,3.50+2.50,2.01-1.99,0.47,0.27
Jack Stephens,Southampton,1.46+0.46,0.23+0.23,0.08,0.01
Lys Mousset,Bournemouth,1.53+0.53,0.29+0.29,0.45,0.09
Ainsley Maitland-Niles,Arsenal,1.02+0.02,1.06+0.06,0.09,0.10
Trent Alexander-Arnold,Liverpool,1.49+0.49,7.22-4.78,0.05,0.26
Antonio Rüdiger,Chelsea,2.66+1.66,0.90+0.90,0.08,0.03
Danilo,Manchester City,0.42-0.58,0.13+0.13,0.05,0.01
Luciano Vietto,Fulham,2.84+1.84,2.44-1.56,0.26,0.22
Jonny,Wolverhampton Wanderers,1.85+0.85,1.76+0.76,0.06,0.06
Christian Atsu,Newcastle United,2.15+1.15,1.76+1.76,0.13,0.11
André Gomes,Everton,1.39+0.39,0.66-0.34,0.06,0.03
Jon Gorenc Stankovic,Huddersfield,1.46+0.46,0.12+0.12,0.18,0.01
Issa Diop,West Ham,1.26+0.26,0.18+0.18,0.04,0.01
Rachid Ghezzal,Leicester,1.37+0.37,1.73+1.73,0.17,0.21
Jean Michael Seri,Fulham,0.82-0.18,4.04+2.04,0.03,0.16
Floyd Ayité,Fulham,0.35-0.65,0.50+0.50,0.07,0.10
Fabinho,Liverpool,1.14+0.14,1.31-0.69,0.05,0.06
João Moutinho,Wolverhampton Wanderers,0.51-0.49,6.53-1.47,0.01,0.19
Hélder Costa,Wolverhampton Wanderers,2.66+1.66,2.01+0.01,0.18,0.13
Kiko Femenía,Watford,0.50-0.50,1.64+0.64,0.02,0.07
Domingos Quina,Watford,0.20-0.80,0.09+0.09,0.05,0.03
Isaac Mbenza,Huddersfield,0.90-0.10,0.98-0.02,0.08,0.09
Christopher Schindler,Huddersfield,1.04+0.04,0.40+0.40,0.03,0.01
Solly March,Brighton,2.20+1.20,5.21+0.21,0.08,0.19
Davy Pröpper,Brighton,0.95-0.05,1.22+0.22,0.03,0.04
Dale Stephens,Brighton,0.25-0.75,0.59-0.41,0.01,0.02
Phil Foden,Manchester City,2.25+1.25,1.07+1.07,0.64,0.31
Isaac Hayden,Newcastle United,0.86-0.14,2.45-1.55,0.04,0.12
Terence Kongolo,Huddersfield,1.42+0.42,0.84-0.16,0.05,0.03
Victor Lindelöf,Manchester United,0.84-0.16,1.58+0.58,0.03,0.05
Davinson Sánchez,Tottenham,1.62+0.62,0.62-0.38,0.08,0.03
Juan Foyth,Tottenham,0.70-0.30,0.79+0.79,0.07,0.08
Beram Kayal,Brighton,0.29-0.71,1.18+0.18,0.03,0.11
Eddie Nketiah,Arsenal,0.27-0.73,0.13+0.13,0.45,0.22
Michael Obafemi,Southampton,1.89+0.89,0.34-0.66,1.30,0.23
Yerry Mina,Everton,0.75-0.25,0.14+0.14,0.08,0.01
Harvey Barnes,Leicester,3.62+2.62,1.93-0.07,0.32,0.17
Fred,Manchester United,0.90-0.10,0.95-0.05,0.08,0.08
Sean Morrison,Cardiff,5.05+4.05,3.46+0.46,0.15,0.10
Danny Ward,Cardiff,0.61-0.39,0.29+0.29,0.13,0.06
Tom Cairney,Fulham,1.15+0.15,3.00+2.00,0.05,0.12
Ken Sema,Watford,0.87-0.13,0.77-1.23,0.10,0.09
Ryan Fredericks,West Ham,0.53-0.47,0.51+0.51,0.04,0.04
Fabián Balbuena,West Ham,2.52+1.52,0.15+0.15,0.11,0.01
Kenneth Zohore,Cardiff,1.62+0.62,0.91-0.09,0.20,0.11
Bernard,Everton,2.69+1.69,3.24+0.24,0.11,0.14
Sean Longstaff,Newcastle United,0.75-0.25,0.60+0.60,0.10,0.08
Kadeem Harris,Cardiff,0.89-0.11,0.51+0.51,0.23,0.13
Aron Gunnarsson,Cardiff,2.36+1.36,1.74+0.74,0.09,0.07
Juninho Bacuna,Huddersfield,0.80-0.20,1.40+1.40,0.05,0.09
Jannik Vestergaard,Southampton,0.68+0.68,0.53+0.53,0.03,0.02
Bernd Leno,Arsenal,0.00,0.00,0.00,0.00
Andreas Christensen,Chelsea,0.00,0.00,0.00,0.00
Håvard Nordtveit,Fulham,0.00,0.12-0.88,0.00,0.03
Elias Kachunga,Huddersfield,0.98+0.98,0.24+0.24,0.07,0.02
Sead Kolasinac,Arsenal,0.41+0.41,6.74+1.74,0.02,0.32
Artur Boruc,Bournemouth,0.00,0.00,0.00,0.00
Simon Francis,Bournemouth,0.12+0.12,0.60-1.40,0.01,0.04
Andrew Surman,Bournemouth,0.27+0.27,0.48+0.48,0.02,0.03
Mamadou Sakho,Crystal Palace,0.83+0.83,0.19+0.19,0.03,0.01
Adam Lallana,Liverpool,0.30+0.30,0.54+0.54,0.06,0.11
Petr Cech,Arsenal,0.00,0.00,0.00,0.00
Héctor Bellerín,Arsenal,0.96+0.96,2.46-2.54,0.06,0.14
Mohamed Elneny,Arsenal,0.45+0.45,0.22+0.22,0.11,0.05
Wayne Hennessey,Crystal Palace,0.00,0.00,0.00,0.00
Scott Dann,Crystal Palace,0.20+0.20,1.16+0.16,0.03,0.16
Pape Souaré,Crystal Palace,0.00,0.00,0.00,0.00
Jason Puncheon,Crystal Palace,0.61+0.61,0.84+0.84,0.14,0.20
Connor Wickham,Huddersfield,0.34+0.34,0.39-0.61,0.55,0.63
Bakary Sako,Crystal Palace,0.00,0.00,0.00,0.00
Julian Speroni,Crystal Palace,0.00,0.00,0.00,0.00
Adrian Mariappa,Crystal Palace,1.39+1.39,0.70+0.70,0.06,0.03
Martin Kelly,Watford,0.77+0.77,0.02+0.02,0.06,0.00
Cheikhou Kouyaté,Crystal Palace,1.63+1.63,0.89-1.11,0.08,0.04
Aaron Cresswell,West Ham,0.42+0.42,0.94-0.06,0.02,0.05
Andy Carroll,West Ham,1.98+1.98,0.28+0.28,0.41,0.06
Victor Moses,Chelsea,0.00,0.11+0.11,0.00,0.40
Pedro Obiang,West Ham,0.56+0.56,1.14+0.14,0.05,0.09
David de Gea,Manchester United,0.00,0.00,0.00,0.00
Timothy Fosu-Mensah,Fulham,0.08+0.08,0.37+0.37,0.01,0.04
Marcos Rojo,Manchester United,0.24+0.24,0.00,0.10,0.00
Morgan Schneiderlin,Everton,0.10+0.10,0.80-0.20,0.01,0.09
Matteo Darmian,Manchester United,0.03+0.03,0.05+0.05,0.01,0.01
Sebastian Prödl,Watford,0.00,0.00,0.00,0.00
Miguel Britos,Watford,0.00,0.00,0.00,0.00
John Stones,Manchester City,0.16+0.16,0.22+0.22,0.01,0.01
Leighton Baines,Everton,0.08+0.08,0.08+0.08,0.02,0.02
James McCarthy,Everton,0.00,0.00,0.00,0.00
Oumar Niasse,Cardiff,3.39+3.39,0.77+0.77,0.30,0.07
Nathaniel Clyne,Everton,0.26+0.26,0.10-0.90,0.02,0.01
Alberto Moreno,Bournemouth,0.02+0.02,0.14+0.14,0.01,0.08
Joe Hart,Liverpool,0.00,0.02+0.02,0.00,0.00
Pablo Zabaleta,Liverpool,0.16+0.16,1.03+0.03,0.01,0.04
Nicolás Otamendi,Manchester City,1.18+1.18,0.29+0.29,0.09,0.02
Willy Caballero,Chelsea,0.00,0.00,0.00,0.00
Antonio Valencia,Manchester United,0.04+0.04,0.53+0.53,0.01,0.10
Marouane Fellaini,Manchester United,0.73+0.73,0.20-0.80,0.09,0.03
Alex McCarthy,Southampton,0.00,0.00,0.00,0.00
Luke Dreher,Crystal Palace,0.00,0.00,0.00,0.00
Hugo Lloris,Tottenham,0.00,0.00,0.00,0.00
Toby Alderweireld,Tottenham,0.99+0.99,0.49+0.49,0.03,0.02
Danny Rose,Tottenham,0.80+0.80,2.59-0.41,0.04,0.13
Mousa Dembélé,Tottenham,0.03+0.03,0.00,0.01,0.00
Michel Vorm,Tottenham,0.00,0.00,0.00,0.00
Ben Davies,Tottenham,0.57+0.57,2.25+2.25,0.03,0.11
Carlos Sánchez,West Ham,0.06+0.06,0.05+0.05,0.02,0.02
Idrissa Gueye,Everton,0.59+0.59,0.93-1.07,0.02,0.03
Leandro Bacuna,Cardiff,0.08+0.08,0.03+0.03,0.01,0.00
Cesc Fàbregas,Chelsea,0.06+0.06,0.22+0.22,0.03,0.12
Asmir Begovic,Bournemouth,0.00,0.00,0.00,0.00
Gary Cahill,Chelsea,0.00,0.00,0.00,0.00
Lukasz Fabianski,West Ham,0.00,0.08+0.08,0.00,0.00
Federico Fernández,Newcastle United,0.08+0.08,0.43-0.57,0.01,0.03
Ki Sung-yueng,Newcastle United,0.15+0.15,1.08+0.08,0.01,0.07
Jermain Defoe,Bournemouth,0.13+0.13,0.00,0.91,0.00
Jordan Pickford,Everton,0.00,0.04+0.04,0.00,0.00
Kasper Schmeichel,Leicester,0.08+0.08,0.29+0.29,0.00,0.01
Danny Simpson,Leicester,0.00,0.03+0.03,0.00,0.01
Christian Fuchs,Leicester,0.06+0.06,0.20+0.20,0.03,0.09
Shinji Okazaki,Leicester,0.28+0.28,0.11-0.89,0.10,0.04
Daniel Amartey,Leicester,0.47+0.47,0.11+0.11,0.07,0.02
Daryl Janmaat,Watford,0.47+0.47,0.58-1.42,0.03,0.03
Jamaal Lascelles,Newcastle United,0.40+0.40,1.20+0.20,0.01,0.04
Moussa Sissoko,Tottenham,0.96+0.96,2.79-0.21,0.04,0.11
Ben Chilwell,Leicester,0.97+0.97,3.07-0.93,0.03,0.09
John Ruddy,Wolverhampton Wanderers,0.00,0.00,0.00,0.00
Robbie Brady,Burnley,0.68+0.68,1.03+0.03,0.09,0.13
Ben Foster,Watford,0.02+0.02,0.21+0.21,0.00,0.01
Fraser Forster,Southampton,0.00,0.00,0.00,0.00
Maya Yoshida,Southampton,1.83+1.83,1.07+0.07,0.11,0.06
Paul Dummett,Newcastle United,0.28+0.28,0.35+0.35,0.01,0.02
Phil Bardsley,Burnley,0.25+0.25,1.29+1.29,0.01,0.07
Peter Crouch,Burnley,0.61+0.61,0.00,0.75,0.00
Fabian Delph,Manchester City,0.07+0.07,0.39-0.61,0.01,0.05
Samir Nasri,West Ham,0.13+0.13,0.55-1.45,0.05,0.20
Harry Arter,Cardiff,0.80+0.80,0.72-0.28,0.04,0.03
Steven Davis,Southampton,0.00,0.45-0.55,0.00,0.42
Kyle Walker-Peters,Tottenham,0.35+0.35,0.48-2.52,0.08,0.12
Carl Jenkinson,Arsenal,0.00,0.06+0.06,0.00,0.03
Phil Jones,Manchester United,0.55+0.55,0.82-0.18,0.04,0.06
Joe Bennett,Cardiff,0.52+0.52,0.80-0.20,0.02,0.03
Alex Oxlade-Chamberlain,Liverpool,0.47+0.47,0.12+0.12,2.47,0.61
Paulo Gazzaniga,Tottenham,0.00,0.00,0.00,0.00
Mason Holgate,Everton,0.00,0.00,0.00,0.00
Joseph Gomez,Liverpool,0.23+0.23,0.42+0.42,0.02,0.04
Tyrone Mings,Bournemouth,0.00,0.06+0.06,0.00,0.04
Jack Wilshere,West Ham,0.18+0.18,0.53-0.47,0.04,0.13
Tom Davies,Everton,0.31+0.31,0.59+0.59,0.03,0.05
Jonjoe Kenny,Everton,0.09+0.09,0.84-0.16,0.01,0.10
Davide Zappacosta,Chelsea,0.15+0.15,0.13+0.13,0.12,0.10
Antonio Barreca,Newcastle United,0.00,0.00,0.00,0.00
Wesley Hoedt,Southampton,0.59+0.59,0.02+0.02,0.05,0.00
Emerson,Chelsea,0.27+0.27,0.60+0.60,0.04,0.08
Alisson,Liverpool,0.00,0.00,0.00,0.00
Stephan Lichtsteiner,Arsenal,0.02+0.02,0.09+0.09,0.00,0.01
Adam Masina,Watford,0.05+0.05,0.69-0.31,0.00,0.06
Tom Heaton,Burnley,0.06+0.06,0.04+0.04,0.00,0.00
Matthew Lowton,Burnley,0.83+0.83,0.50+0.50,0.04,0.03
Ben Mee,Burnley,1.15+1.15,1.52-0.48,0.03,0.04
Stephen Ward,Burnley,0.08+0.08,0.05+0.05,0.03,0.02
Steven Defour,Burnley,0.00,0.05+0.05,0.00,0.01
Nathaniel Chalobah,Watford,0.08+0.08,0.22+0.22,0.03,0.08
Dominic Solanke,Bournemouth,0.80+0.80,0.36-0.64,0.22,0.10
Andrew Robertson,Liverpool,0.86+0.86,8.06-2.94,0.02,0.22
Javier Manquillo,Newcastle United,0.08+0.08,0.68-2.32,0.01,0.06
Christian Kabasele,Watford,1.54+1.54,0.18+0.18,0.09,0.01
Alfie Mawson,Fulham,0.32+0.32,0.05+0.05,0.03,0.00
Georges-Kévin Nkoudou,Tottenham,0.00,0.61-0.39,0.00,18.23
Vincent Janssen,Tottenham,0.31+0.31,0.00,0.81,0.00
Eric Bailly,Manchester United,0.25+0.25,0.00,0.04,0.00
Kevin Long,Burnley,0.03+0.03,0.41-0.59,0.01,0.07
Rob Holding,Arsenal,0.12+0.12,0.17+0.17,0.01,0.02
Ben Hamer,Huddersfield,0.00,0.00,0.00,0.00
Arthur Masuaku,West Ham,0.07+0.07,1.02+0.02,0.00,0.05
Stefano Okaka,Watford,0.56+0.56,0.15+0.15,2.78,0.75
Ramadan Sobhi,Huddersfield,0.00,0.18+0.18,0.00,0.23
Nampalys Mendy,Leicester,0.07+0.07,0.22+0.22,0.00,0.01
Lewis Cook,Bournemouth,0.13+0.13,0.06+0.06,0.02,0.01
Martín Montoya,Brighton,0.19+0.19,1.18+0.18,0.01,0.05
Vicente Iborra,Leicester,0.27+0.27,0.10+0.10,0.11,0.04
Sergio Rico,Fulham,0.00,0.08+0.08,0.00,0.00
Vicente Guaita,Crystal Palace,0.00,0.00,0.00,0.00
Mateo Kovacic,Chelsea,2.02+2.02,2.01+0.01,0.10,0.10
Denis Suárez,Arsenal,0.00,0.00,0.00,0.00
Mat Ryan,Brighton,0.00,0.00,0.00,0.00
Fabri,Fulham,0.00,0.00,0.00,0.00
Erik Durm,Huddersfield,0.28+0.28,0.47-0.53,0.01,0.02
Oleksandr Zinchenko,Manchester City,0.21+0.21,1.72-1.28,0.02,0.13
Maxime Le Marchand,Fulham,0.16+0.16,0.81-0.19,0.01,0.03
Benjamin Mendy,Manchester City,0.23+0.23,2.05-2.95,0.02,0.20
Jonas Lössl,Huddersfield,0.00,0.39-0.61,0.00,0.01
Serge Aurier,Tottenham,0.14+0.14,1.26-0.74,0.02,0.20
Lazar Markovic,Fulham,0.00,0.01+0.01,0.00,0.03
Jazz Richards,Cardiff,0.00,0.00,0.00,0.00
Mohamed Diamé,Newcastle United,1.05+1.05,0.13+0.13,0.04,0.01
Sam Gallagher,Southampton,0.00,0.00,0.00,0.00
Bruno Ecuele Manga,Cardiff,1.21+1.21,0.29-0.71,0.03,0.01
Kepa,Chelsea,0.00,0.00,0.00,0.00
Diego Rico,Bournemouth,0.18+0.18,1.22+1.22,0.03,0.18
Florian Lejeune,Newcastle United,0.28+0.28,0.29+0.29,0.02,0.02
Marc Navarro,Watford,0.00,0.00,0.00,0.00
Florent Hadergjonaj,Huddersfield,0.22+0.22,1.38+1.38,0.01,0.07
Bernardo,Brighton,0.35+0.35,0.58-0.42,0.02,0.03
Caglar Söyüncü,Leicester,0.06+0.06,0.00,0.01,0.00
Angus Gunn,Southampton,0.00,0.00,0.00,0.00
Ademola Lookman,Everton,1.57+1.57,1.61-0.39,0.25,0.25
Josh Sims,Southampton,0.77+0.77,0.70-0.30,0.34,0.31
Aaron Wan-Bissaka,Crystal Palace,0.37+0.37,2.29-0.71,0.01,0.07
Angel Gomes,Manchester United,0.11+0.11,0.00,0.42,0.00
Sam Surridge,Bournemouth,0.38+0.38,0.04+0.04,3.79,0.38
Yves Bissouma,Brighton,1.78+1.78,0.99+0.99,0.09,0.05
Adama Diakhaby,Huddersfield,0.87+0.87,0.54+0.54,0.14,0.09
Matteo Guendouzi,Arsenal,0.48+0.48,1.50+1.50,0.02,0.06
Fousseni Diabate,Leicester,0.00,0.08+0.08,0.00,0.12
Tommy Smith,Huddersfield,0.08+0.08,0.39+0.39,0.01,0.03
Chris Löwe,Huddersfield,0.49+0.49,1.78-0.22,0.02,0.08
Collin Quaner,Huddersfield,0.00,0.10+0.10,0.00,0.26
Rajiv van La Parra,Huddersfield,0.24+0.24,0.07+0.07,0.05,0.02
Danny Williams,Huddersfield,0.02+0.02,0.03+0.03,0.01,0.03
Laurent Depoitre,Huddersfield,2.67+2.67,0.46-0.54,0.23,0.04
Joel Coleman,Huddersfield,0.00,0.00,0.00,0.00
Jan Bednarek,Southampton,0.84+0.84,0.62-0.38,0.04,0.03
Charlie Taylor,Burnley,0.11+0.11,1.45+0.45,0.00,0.04
Bruno,Brighton,0.07+0.07,0.59-0.41,0.01,0.05
Ederson,Manchester City,0.00,0.07-0.93,0.00,0.00
Jacob Murphy,Newcastle United,0.03+0.03,0.61-0.39,0.01,0.19
Gaëtan Bong,Brighton,0.07+0.07,0.48+0.48,0.00,0.02
José Izquierdo,Brighton,0.62+0.62,0.47-0.53,0.07,0.05
Abdelhamid Sabiri,Huddersfield,0.00,0.00,0.00,0.00
Jonathan Hogg,Huddersfield,0.26+0.26,0.73-0.27,0.01,0.03
Jack Simpson,Bournemouth,0.37+0.37,0.00,0.08,0.00
Hamza Choudhury,Leicester,0.47+0.47,0.51+0.51,0.07,0.08
Ben Johnson,West Ham,0.00,0.00,0.00,0.00
Franck Zambo,Fulham,0.65+0.65,0.25+0.25,0.04,0.01
Callum Hudson-Odoi,Chelsea,0.99+0.99,1.57+0.57,0.23,0.36
Emerson Hyndman,Bournemouth,0.00,0.00,0.00,0.00
Adrien Silva,Leicester,0.00,0.00,0.00,0.00
Alexander Sørloth,Crystal Palace,0.46+0.46,0.69+0.69,0.26,0.40
Martin Dubravka,Newcastle United,0.00,0.00,0.00,0.00
Joe Willock,Arsenal,0.13+0.13,0.00,0.18,0.00
Grady Diangana,West Ham,0.64+0.64,1.22+0.22,0.10,0.18
Rafael Camacho,Liverpool,0.00,0.00,0.00,0.00
Konstantinos Mavropanos,Arsenal,0.10+0.10,0.57+0.57,0.06,0.34
Luke Amos,Tottenham,0.00,0.00,0.00,0.00
Neil Etheridge,Cardiff,0.00,0.09+0.09,0.00,0.00
Lee Peltier,Cardiff,0.04+0.04,0.07+0.07,0.00,0.00
Joe Ralls,Cardiff,1.37+1.37,3.60+3.60,0.06,0.17
Gary Madine,Cardiff,0.00,0.00,0.00,0.00
Greg Cunningham,Cardiff,0.07+0.07,0.22+0.22,0.01,0.03
Cyrus Christie,Fulham,0.39+0.39,1.20+0.20,0.02,0.06
Joe Bryan,Fulham,0.55+0.55,4.40+3.40,0.02,0.17
Kevin McDonald,Fulham,0.11+0.11,0.10+0.10,0.01,0.01
Stefan Johansen,Fulham,0.04+0.04,0.05+0.05,0.01,0.01
Ibrahima Cissé,Fulham,0.00,0.00,0.00,0.00
Neeskens Kebano,Fulham,0.05+0.05,0.00,0.05,0.00
Alireza Jahanbakhsh,Brighton,0.70+0.70,0.19+0.19,0.06,0.02
David Button,Brighton,0.00,0.00,0.00,0.00
Rui Patrício,Wolverhampton Wanderers,0.00,0.00,0.00,0.00
Conor Coady,Wolverhampton Wanderers,0.00,0.01+0.01,0.00,0.00
Léo Bonatini,Wolverhampton Wanderers,1.55+1.55,0.16-0.84,1.19,0.12
Rúben Vinagre,Wolverhampton Wanderers,0.45+0.45,0.87+0.87,0.06,0.11
Morgan Gibbs-White,Wolverhampton Wanderers,0.99+0.99,1.30+0.30,0.14,0.19
Mohamed Elyounoussi,Southampton,2.21+2.21,1.14+1.14,0.25,0.13
Marcus Bettinelli,Fulham,0.00,0.00,0.00,0.00
Denis Odoi,Fulham,0.72+0.72,0.57-0.43,0.03,0.02
Tim Ream,Fulham,0.02+0.02,0.24+0.24,0.00,0.01
Oliver Skipp,Tottenham,0.06+0.06,0.03+0.03,0.02,0.01
Loïc Damour,Cardiff,0.03+0.03,0.00,0.17,0.00
Ben Wilmot,Watford,0.00,0.00,0.00,0.00
Diogo Dalot,Manchester United,0.72+0.72,2.73+0.73,0.06,0.24
Xande Silva,West Ham,0.07+0.07,0.01+0.01,0.42,0.08
Tyreke Johnson,Southampton,0.00,0.00,0.00,0.00
Bukayo Saka,Arsenal,0.00,0.00,0.00,0.00
Marcus Bettinelli,Fulham,0.00,0.00,0.00,0.00
Denis Odoi,Fulham,0.72+0.72,0.57-0.43,0.03,0.02
Tim Ream,Fulham,0.02+0.02,0.24+0.24,0.00,0.01
Oliver Skipp,Tottenham,0.06+0.06,0.03+0.03,0.02,0.01
Loïc Damour,Cardiff,0.03+0.03,0.00,0.17,0.00
Ben Wilmot,Watford,0.00,0.00,0.00,0.00
Diogo Dalot,Manchester United,0.72+0.72,2.73+0.73,0.06,0.24
Xande Silva,West Ham,0.07+0.07,0.01+0.01,0.42,0.08
Tyreke Johnson,Southampton,0.00,0.00,0.00,0.00
Bukayo Saka,Arsenal,0.00,0.00,0.00,0.00
